{
  "total_files": 145,
  "total_chunks": 1288,
  "total_images": 8329,
  "file_stats": {
    "dashboard-overview.md": {
      "chunks": 8,
      "total_images": 5,
      "sections": 7
    },
    "getting-started.md": {
      "chunks": 24,
      "total_images": 0,
      "sections": 20
    },
    "help-center.md": {
      "chunks": 18,
      "total_images": 3,
      "sections": 17
    },
    "support-center.md": {
      "chunks": 6,
      "total_images": 5,
      "sections": 5
    },
    "account-signup\\cloud-account-signup.md": {
      "chunks": 8,
      "total_images": 6,
      "sections": 7
    },
    "account-signup\\first-time-sign-in.md": {
      "chunks": 4,
      "total_images": 2,
      "sections": 3
    },
    "account-signup\\overview.md": {
      "chunks": 6,
      "total_images": 0,
      "sections": 5
    },
    "account-signup\\trial-account-signup.md": {
      "chunks": 8,
      "total_images": 22,
      "sections": 5
    },
    "advanced-monitoring\\advanced-monitoring-features.md": {
      "chunks": 13,
      "total_images": 0,
      "sections": 12
    },
    "advanced-monitoring\\alerts-configuration.md": {
      "chunks": 6,
      "total_images": 9,
      "sections": 3
    },
    "advanced-monitoring\\enabling-advanced-monitoring-for-linux-vm.md": {
      "chunks": 4,
      "total_images": 11,
      "sections": 0
    },
    "advanced-monitoring\\enabling-advanced-monitoring-for-windows-vm.md": {
      "chunks": 4,
      "total_images": 13,
      "sections": 0
    },
    "advanced-monitoring\\introduction.md": {
      "chunks": 6,
      "total_images": 0,
      "sections": 5
    },
    "advanced-monitoring\\uninstalling-advanced-monitoring.md": {
      "chunks": 3,
      "total_images": 3,
      "sections": 1
    },
    "affinity-group\\assign-an-affinity-group.md": {
      "chunks": 7,
      "total_images": 1,
      "sections": 6
    },
    "affinity-group\\create-an-affinity-group.md": {
      "chunks": 7,
      "total_images": 3,
      "sections": 6
    },
    "affinity-group\\delete-affinity-group.md": {
      "chunks": 6,
      "total_images": 2,
      "sections": 5
    },
    "affinity-group\\overview.md": {
      "chunks": 10,
      "total_images": 0,
      "sections": 9
    },
    "apps-marketplace\\featured.md": {
      "chunks": 9,
      "total_images": 4,
      "sections": 8
    },
    "apps-marketplace\\marketplace.md": {
      "chunks": 6,
      "total_images": 3,
      "sections": 5
    },
    "apps-marketplace\\overview.md": {
      "chunks": 4,
      "total_images": 0,
      "sections": 3
    },
    "billing\\cost-explorer.md": {
      "chunks": 8,
      "total_images": 6,
      "sections": 7
    },
    "billing\\invoices.md": {
      "chunks": 9,
      "total_images": 2,
      "sections": 8
    },
    "billing\\overview.md": {
      "chunks": 11,
      "total_images": 6,
      "sections": 10
    },
    "billing\\reports.md": {
      "chunks": 5,
      "total_images": 4,
      "sections": 4
    },
    "billing\\savings-plans.md": {
      "chunks": 9,
      "total_images": 3,
      "sections": 8
    },
    "company\\my-activity.md": {
      "chunks": 5,
      "total_images": 2,
      "sections": 4
    },
    "company\\quota-limit.md": {
      "chunks": 3,
      "total_images": 2,
      "sections": 2
    },
    "company\\role-privileges.md": {
      "chunks": 7,
      "total_images": 2,
      "sections": 5
    },
    "company\\users.md": {
      "chunks": 6,
      "total_images": 3,
      "sections": 5
    },
    "instance\\bundle-instance.md": {
      "chunks": 11,
      "total_images": 5,
      "sections": 10
    },
    "instance\\delete-a-vm.md": {
      "chunks": 9,
      "total_images": 2,
      "sections": 8
    },
    "instance\\overview.md": {
      "chunks": 6,
      "total_images": 5,
      "sections": 5
    },
    "instance\\pay-as-you-go-instance.md": {
      "chunks": 9,
      "total_images": 0,
      "sections": 8
    },
    "instance\\quick-deploy-vs-advanced-deploy.md": {
      "chunks": 5,
      "total_images": 0,
      "sections": 4
    },
    "instance\\reserved-instance.md": {
      "chunks": 14,
      "total_images": 6,
      "sections": 13
    },
    "instance\\windows-licensing.md": {
      "chunks": 3,
      "total_images": 0,
      "sections": 2
    },
    "kubernetes\\kubernetes-cluster-creation.md": {
      "chunks": 13,
      "total_images": 12,
      "sections": 12
    },
    "kubernetes\\kubernetes-cluster-upgrade.md": {
      "chunks": 6,
      "total_images": 3,
      "sections": 5
    },
    "kubernetes\\overview.md": {
      "chunks": 4,
      "total_images": 0,
      "sections": 3
    },
    "native-autoscale\\creating-autoscale-group.md": {
      "chunks": 16,
      "total_images": 18,
      "sections": 11
    },
    "native-autoscale\\delete-autoscaling-group.md": {
      "chunks": 4,
      "total_images": 2,
      "sections": 3
    },
    "native-autoscale\\overview.md": {
      "chunks": 4,
      "total_images": 0,
      "sections": 3
    },
    "network\\load-balancer.md": {
      "chunks": 10,
      "total_images": 9,
      "sections": 9
    },
    "network\\overview.md": {
      "chunks": 5,
      "total_images": 2,
      "sections": 4
    },
    "network\\security-group.md": {
      "chunks": 9,
      "total_images": 1,
      "sections": 8
    },
    "network\\vpn-customer-gateway.md": {
      "chunks": 10,
      "total_images": 6,
      "sections": 8
    },
    "ssh-key-manager\\add-ssh-key.md": {
      "chunks": 6,
      "total_images": 5,
      "sections": 5
    },
    "ssh-key-manager\\delete-ssh-key.md": {
      "chunks": 6,
      "total_images": 2,
      "sections": 5
    },
    "ssh-key-manager\\download-ssh-key.md": {
      "chunks": 4,
      "total_images": 2,
      "sections": 3
    },
    "ssh-key-manager\\overview.md": {
      "chunks": 11,
      "total_images": 1,
      "sections": 10
    },
    "ssh-key-manager\\upload-ssh-key.md": {
      "chunks": 6,
      "total_images": 2,
      "sections": 5
    },
    "vm-snapshot\\add-vm-snapshot.md": {
      "chunks": 7,
      "total_images": 6,
      "sections": 6
    },
    "vm-snapshot\\delete-vm-snapshot.md": {
      "chunks": 6,
      "total_images": 2,
      "sections": 5
    },
    "vm-snapshot\\overview.md": {
      "chunks": 5,
      "total_images": 1,
      "sections": 4
    },
    "vm-snapshot\\revert-vm-snapshot.md": {
      "chunks": 8,
      "total_images": 2,
      "sections": 7
    },
    "volume-snapshot\\create-template.md": {
      "chunks": 7,
      "total_images": 4,
      "sections": 6
    },
    "volume-snapshot\\create-volume.md": {
      "chunks": 7,
      "total_images": 4,
      "sections": 6
    },
    "volume-snapshot\\delete-snapshot.md": {
      "chunks": 7,
      "total_images": 2,
      "sections": 6
    },
    "volume-snapshot\\overview.md": {
      "chunks": 5,
      "total_images": 2,
      "sections": 4
    },
    "volume-snapshot\\revert-snapshot.md": {
      "chunks": 8,
      "total_images": 3,
      "sections": 7
    },
    "volumes\\add-volume.md": {
      "chunks": 7,
      "total_images": 4,
      "sections": 6
    },
    "volumes\\attach-volume.md": {
      "chunks": 18,
      "total_images": 14,
      "sections": 17
    },
    "volumes\\create-template.md": {
      "chunks": 15,
      "total_images": 5,
      "sections": 14
    },
    "volumes\\delete-volume.md": {
      "chunks": 8,
      "total_images": 3,
      "sections": 7
    },
    "volumes\\detach-volume.md": {
      "chunks": 4,
      "total_images": 2,
      "sections": 3
    },
    "volumes\\download-volume.md": {
      "chunks": 7,
      "total_images": 3,
      "sections": 6
    },
    "volumes\\overview.md": {
      "chunks": 7,
      "total_images": 3,
      "sections": 6
    },
    "volumes\\recurring-snapshot.md": {
      "chunks": 9,
      "total_images": 6,
      "sections": 8
    },
    "volumes\\resize-volume.md": {
      "chunks": 33,
      "total_images": 17,
      "sections": 30
    },
    "volumes\\upload-a-volume.md": {
      "chunks": 13,
      "total_images": 12,
      "sections": 7
    },
    "volumes\\volume-snapshot.md": {
      "chunks": 6,
      "total_images": 4,
      "sections": 5
    },
    "network\\vpc\\access-control-list.md": {
      "chunks": 13,
      "total_images": 8,
      "sections": 11
    },
    "network\\vpc\\adding-network-tiers-to-vpc.md": {
      "chunks": 8,
      "total_images": 6,
      "sections": 6
    },
    "network\\vpc\\create-vpc-network.md": {
      "chunks": 7,
      "total_images": 4,
      "sections": 5
    },
    "network\\vpc\\load-balancer.md": {
      "chunks": 10,
      "total_images": 7,
      "sections": 9
    },
    "network\\vpc\\overview.md": {
      "chunks": 17,
      "total_images": 0,
      "sections": 16
    },
    "network\\vpc\\public-ip-address.md": {
      "chunks": 8,
      "total_images": 5,
      "sections": 7
    },
    "network\\vpc\\source-nat.md": {
      "chunks": 11,
      "total_images": 9,
      "sections": 10
    },
    "network\\vpc\\static-nat.md": {
      "chunks": 10,
      "total_images": 7,
      "sections": 9
    },
    "network\\vpc\\vpc-peering.md": {
      "chunks": 14,
      "total_images": 6,
      "sections": 12
    },
    "network\\vpc\\vpn-gateway.md": {
      "chunks": 14,
      "total_images": 6,
      "sections": 13
    },
    "network\\basic-network\\isolated-network\\assigning-vm-to-source-nat-ip.md": {
      "chunks": 10,
      "total_images": 4,
      "sections": 9
    },
    "network\\basic-network\\isolated-network\\assigning-vm-to-static-nat-ip.md": {
      "chunks": 8,
      "total_images": 6,
      "sections": 7
    },
    "network\\basic-network\\isolated-network\\create-a-new-network.md": {
      "chunks": 9,
      "total_images": 4,
      "sections": 8
    },
    "network\\basic-network\\isolated-network\\egress-rule.md": {
      "chunks": 9,
      "total_images": 5,
      "sections": 8
    },
    "network\\basic-network\\isolated-network\\firewall.md": {
      "chunks": 12,
      "total_images": 5,
      "sections": 11
    },
    "network\\basic-network\\isolated-network\\load-balancer.md": {
      "chunks": 11,
      "total_images": 6,
      "sections": 9
    },
    "network\\basic-network\\isolated-network\\network-details.md": {
      "chunks": 3,
      "total_images": 1,
      "sections": 2
    },
    "network\\basic-network\\isolated-network\\port-forwarding.md": {
      "chunks": 12,
      "total_images": 5,
      "sections": 11
    },
    "network\\basic-network\\isolated-network\\public-ip.md": {
      "chunks": 9,
      "total_images": 3,
      "sections": 8
    },
    "network\\basic-network\\isolated-network\\remote-access-vpn.md": {
      "chunks": 35,
      "total_images": 22,
      "sections": 34
    },
    "network\\basic-network\\isolated-network\\source-nat-vs-static-nat.md": {
      "chunks": 10,
      "total_images": 0,
      "sections": 9
    },
    "network\\basic-network\\l2-network\\create-l2-network.md": {
      "chunks": 8,
      "total_images": 3,
      "sections": 7
    },
    "native-autoscale\\autoscale-options\\load-balancer.md": {
      "chunks": 5,
      "total_images": 4,
      "sections": 4
    },
    "native-autoscale\\autoscale-options\\notes.md": {
      "chunks": 5,
      "total_images": 2,
      "sections": 4
    },
    "native-autoscale\\autoscale-options\\scaling-policy.md": {
      "chunks": 5,
      "total_images": 2,
      "sections": 4
    },
    "native-autoscale\\autoscale-options\\summary.md": {
      "chunks": 6,
      "total_images": 0,
      "sections": 4
    },
    "kubernetes\\kubernetes-cluster-options\\cluster-resize.md": {
      "chunks": 7,
      "total_images": 5,
      "sections": 6
    },
    "kubernetes\\kubernetes-cluster-options\\cluster-summary.md": {
      "chunks": 11,
      "total_images": 8,
      "sections": 9
    },
    "kubernetes\\kubernetes-cluster-options\\kubernetes-dashboard.md": {
      "chunks": 10,
      "total_images": 6,
      "sections": 9
    },
    "kubernetes\\kubernetes-cluster-options\\monitoring.md": {
      "chunks": 8,
      "total_images": 7,
      "sections": 7
    },
    "kubernetes\\kubernetes-cluster-options\\networking.md": {
      "chunks": 6,
      "total_images": 5,
      "sections": 5
    },
    "kubernetes\\kubernetes-cluster-options\\notes.md": {
      "chunks": 5,
      "total_images": 2,
      "sections": 4
    },
    "kubernetes\\kubernetes-cluster-options\\resources.md": {
      "chunks": 8,
      "total_images": 3,
      "sections": 7
    },
    "instance\\launching-linux-vm\\accessing-linux-vm.md": {
      "chunks": 15,
      "total_images": 14,
      "sections": 14
    },
    "instance\\launching-linux-vm\\using-advance-deploy.md": {
      "chunks": 15,
      "total_images": 17,
      "sections": 14
    },
    "instance\\launching-linux-vm\\using-quick-deploy.md": {
      "chunks": 15,
      "total_images": 14,
      "sections": 14
    },
    "instance\\launching-windows-vm\\accessing-windows-vm.md": {
      "chunks": 15,
      "total_images": 4,
      "sections": 13
    },
    "instance\\launching-windows-vm\\using-advance-deploy.md": {
      "chunks": 15,
      "total_images": 16,
      "sections": 14
    },
    "instance\\launching-windows-vm\\using-quick-deploy.md": {
      "chunks": 15,
      "total_images": 14,
      "sections": 14
    },
    "instance\\vm-options\\instance-summary.md": {
      "chunks": 13,
      "total_images": 12,
      "sections": 9
    },
    "instance\\vm-options\\monitoring.md": {
      "chunks": 8,
      "total_images": 8,
      "sections": 7
    },
    "instance\\vm-options\\network-and-firewall.md": {
      "chunks": 6,
      "total_images": 4,
      "sections": 5
    },
    "instance\\vm-options\\notes.md": {
      "chunks": 5,
      "total_images": 2,
      "sections": 4
    },
    "instance\\vm-options\\resize.md": {
      "chunks": 7,
      "total_images": 3,
      "sections": 6
    },
    "instance\\vm-options\\storage-and-snapshot.md": {
      "chunks": 7,
      "total_images": 4,
      "sections": 2
    },
    "instance\\vm-options\\vm-scheduler.md": {
      "chunks": 9,
      "total_images": 2,
      "sections": 8
    },
    "company\\profile\\account-delete-request.md": {
      "chunks": 10,
      "total_images": 2,
      "sections": 9
    },
    "company\\profile\\api-access-and-info.md": {
      "chunks": 5,
      "total_images": 3,
      "sections": 4
    },
    "company\\profile\\change-password.md": {
      "chunks": 4,
      "total_images": 2,
      "sections": 3
    },
    "company\\profile\\credits-and-promocode.md": {
      "chunks": 5,
      "total_images": 3,
      "sections": 4
    },
    "company\\profile\\kyc-verification.md": {
      "chunks": 9,
      "total_images": 7,
      "sections": 8
    },
    "company\\profile\\language.md": {
      "chunks": 3,
      "total_images": 2,
      "sections": 2
    },
    "company\\profile\\maintenance-event.md": {
      "chunks": 5,
      "total_images": 2,
      "sections": 4
    },
    "company\\profile\\my-profile.md": {
      "chunks": 9,
      "total_images": 2,
      "sections": 7
    },
    "company\\profile\\notification-settings.md": {
      "chunks": 7,
      "total_images": 2,
      "sections": 6
    },
    "company\\profile\\payment-settings.md": {
      "chunks": 5,
      "total_images": 3,
      "sections": 4
    },
    "company\\profile\\subscription.md": {
      "chunks": 6,
      "total_images": 2,
      "sections": 5
    },
    "apps-marketplace\\my-images-and-iso\\iso.md": {
      "chunks": 17,
      "total_images": 14,
      "sections": 16
    },
    "apps-marketplace\\my-images-and-iso\\my-template.md": {
      "chunks": 11,
      "total_images": 13,
      "sections": 8
    },
    "add-on\\object-storage\\activating-object-storage.md": {
      "chunks": 11,
      "total_images": 9,
      "sections": 10
    },
    "add-on\\object-storage\\bucket-options.md": {
      "chunks": 10,
      "total_images": 14,
      "sections": 9
    },
    "add-on\\object-storage\\cli-access.md": {
      "chunks": 6,
      "total_images": 5,
      "sections": 5
    },
    "add-on\\object-storage\\creating-a-bucket.md": {
      "chunks": 17,
      "total_images": 11,
      "sections": 16
    },
    "add-on\\object-storage\\overview.md": {
      "chunks": 5,
      "total_images": 0,
      "sections": 4
    },
    "add-on\\object-storage\\policy-editor.md": {
      "chunks": 10,
      "total_images": 5,
      "sections": 9
    },
    "add-on\\object-storage\\user-management.md": {
      "chunks": 14,
      "total_images": 10,
      "sections": 12
    },
    "add-on\\sfs-service\\accessing-sfs-from-linux-vm.md": {
      "chunks": 7,
      "total_images": 7,
      "sections": 6
    },
    "add-on\\sfs-service\\accessing-sfs-from-windows-vm.md": {
      "chunks": 8,
      "total_images": 10,
      "sections": 5
    },
    "add-on\\sfs-service\\creating-sfs-service.md": {
      "chunks": 10,
      "total_images": 8,
      "sections": 9
    },
    "add-on\\sfs-service\\delete-sfs-service.md": {
      "chunks": 9,
      "total_images": 2,
      "sections": 8
    },
    "add-on\\sfs-service\\overview.md": {
      "chunks": 10,
      "total_images": 0,
      "sections": 9
    },
    "add-on\\sfs-service\\resize-sfs-service.md": {
      "chunks": 11,
      "total_images": 4,
      "sections": 10
    },
    "add-on\\sfs-service\\sfs-dashboard.md": {
      "chunks": 7,
      "total_images": 6,
      "sections": 6
    }
  }
}